Thành phố Hà Nội,Quận Ba Đình
Thành phố Hà Nội,Quận Hoàn Kiếm
Thành phố Hà Nội,Quận Tây Hồ
Thành phố Hà Nội,Quận Long Biên
Thành phố Hà Nội,Quận Cầu Giấy
Thành phố Hà Nội,Quận Đống Đa
Thành phố Hà Nội,Quận Hai Bà Trưng
Thành phố Hà Nội,Quận Hoàng Mai
Thành phố Hà Nội,Quận Thanh Xuân
Thành phố Hà Nội,Huyện Sóc Sơn
Thành phố Hà Nội,Huyện Đông Anh
Thành phố Hà Nội,Huyện Gia Lâm
Thành phố Hà Nội,Quận Nam Từ Liêm
Thành phố Hà Nội,Huyện Thanh Trì
Thành phố Hà Nội,Quận Bắc Từ Liêm
Thành phố Hà Nội,Huyện Mê Linh
Thành phố Hà Nội,Quận Hà Đông
Thành phố Hà Nội,Thị xã Sơn Tây
Thành phố Hà Nội,Huyện Ba Vì
Thành phố Hà Nội,Huyện Phúc Thọ
Thành phố Hà Nội,Huyện Đan Phượng
Thành phố Hà Nội,Huyện Hoài Đức
Thành phố Hà Nội,Huyện Quốc Oai
Thành phố Hà Nội,Huyện Thạch Thất
Thành phố Hà Nội,Huyện Chương Mỹ
Thành phố Hà Nội,Huyện Thanh Oai
Thành phố Hà Nội,Huyện Thường Tín
Thành phố Hà Nội,Huyện Phú Xuyên
Thành phố Hà Nội,Huyện Ứng Hòa
Thành phố Hà Nội,Huyện Mỹ Đức
